Monogram A,1
Monogram B,2
Monogram C,3
Monogram D,4
Monogram E,5
Monogram F,6
Monogram G,7
Monogram J,8
Monogram L,9
Monogram M,10
Monogram N,11
Monogram P,12
Monogram R,13
Monogram S,14
Monogram T,15
Monogram W,16
Monogram A,1
Monogram B,2
Monogram E,3
Monogram F,4
Monogram G,5
Monogram H,6
Monogram J,7
Monogram K,8
Monogram L,9
Monogram M,10
Monogram N,11
Monogram P,12
Monogram R,13
Monogram S,14
Monogram T,15
Monogram W,16
Monogram A,1
Monogram B,2
Monogram D,3
Monogram E,4
Monogram F,5
Monogram G,6
Monogram H,7
Monogram J,8
Monogram K,9
Monogram L,10
Monogram M,11
Monogram N,12
Monogram P,13
Monogram R,14
Monogram S,15
Monogram W,16
Monogram A,1
Monogram C,3
Monogram D,4
Monogram E,5
Monogram F,6
Monogram G,7
Monogram L,9
Monogram N,11
Monogram P,12
Monogram R,13
Monogram T,15
Monogram A,1
Monogram B,2
Monogram C,3
Monogram D,4
Monogram E,5
Monogram F,6
Monogram G,7
Monogram H,8
Monogram J,9
Monogram K,10
Monogram L,11
Monogram M,12
Monogram N,13
Monogram P,14
Monogram R,15
Monogram S,16
Monogram T,17
Monogram W,18
Monogram A,1
Monogram C,2
Monogram D,3
Monogram E,4
Monogram F,5
Monogram G,6
Monogram H,7
Monogram J,8
Monogram K,9
Monogram L,10
Monogram M,11
Monogram N,12
Monogram P,13
Monogram R,14
Monogram S,15
Monogram T,16
Monogram W,17
Monogram A,1
Monogram C,2
Monogram D,3
Monogram E,4
Monogram F,5
Monogram G,6
Monogram H,7
Monogram J,8
Monogram K,9
Monogram L,10
Monogram M,11
Monogram N,12
Monogram P,13
Monogram R,14
Monogram S,15
Monogram T,16
Monogram W,17
Monogram A,1
Monogram D,2
Monogram E,3
Monogram F,4
Monogram J,6
Monogram K,7
Monogram P,9
Monogram W,12
Monogram A,1
Monogram B,2
Monogram C,3
Monogram E,4
Monogram F,5
Monogram G,6
Monogram J,7
Monogram K,8
Monogram L,9
Monogram N,10
Monogram P,11
Monogram R,12
Monogram T,14
Monogram A,1
Monogram C,2
Monogram E,3
Monogram F,4
Monogram G,5
Monogram J,6
Monogram K,7
Monogram M,8
Monogram N,9
Monogram P,10
Monogram R,11
Monogram S,12
Monogram T,13
Monogram F,1
Monogram K,4
Monogram L,5
Monogram T,7
Monogram A,1
Monogram C,2
Monogram D,3
Monogram E,4
Monogram F,5
Monogram G,6
Monogram J,8
Monogram N,11
Monogram P,12
Monogram R,13
Monogram T,14
Monogram A,1
Monogram D,2
Monogram E,3
Monogram F,4
Monogram G,5
Monogram J,6
Monogram L,8
Monogram N,9
Monogram P,10
Monogram T,12
Monogram D,1
Monogram E,2
Monogram F,3
Monogram G,4
Monogram E,2
Monogram K,3
Monogram L,4
Monogram R,5
Monogram E,1
Monogram J,2
Monogram K,3
Monogram M,4
Monogram N,5
Monogram R,6
Monogram J,2
Monogram K,3
Monogram R,4
Monogram A,1
Monogram B,2
Monogram C,3
Monogram D,4
Monogram E,5
Monogram F,6
Monogram G,7
Monogram H,8
Monogram J,9
Monogram K,10
Monogram L,11
Monogram M,12
Monogram N,13
Monogram P,14
Monogram R,15
Monogram S,16
Monogram T,17
Monogram W,18
Monogram A,1
Monogram B,2
Monogram C,3
Monogram D,4
Monogram E,5
Monogram F,6
Monogram G,7
Monogram H,8
Monogram J,9
Monogram K,10
Monogram L,11
Monogram M,12
Monogram N,13
Monogram P,14
Monogram R,15
Monogram S,16
Monogram T,17
Monogram W,18
Monogram A,1
Monogram B,2
Monogram C,3
Monogram D,4
Monogram E,5
Monogram F,6
Monogram G,7
Monogram H,8
Monogram J,9
Monogram K,10
Monogram L,11
Monogram M,12
Monogram N,13
Monogram P,14
Monogram R,15
Monogram S,16
Monogram T,17
Monogram W,18
Monogram A,1
Monogram B,2
Monogram C,3
Monogram D,4
Monogram E,5
Monogram F,6
Monogram G,7
Monogram H,8
Monogram J,9
Monogram K,10
Monogram L,11
Monogram M,12
Monogram N,13
Monogram P,14
Monogram R,15
Monogram S,16
Monogram T,17
Monogram W,18
Monogram A,1
Monogram B,2
Monogram C,3
Monogram D,4
Monogram E,5
Monogram F,6
Monogram G,7
Monogram H,8
Monogram J,9
Monogram K,10
Monogram L,11
Monogram M,12
Monogram N,13
Monogram P,14
Monogram R,15
Monogram S,16
Monogram T,17
Monogram W,18
Monogram A,1
Monogram B,2
Monogram C,3
Monogram D,4
Monogram E,5
Monogram F,6
Monogram G,7
Monogram H,8
Monogram J,9
Monogram K,10
Monogram L,11
Monogram M,12
Monogram N,13
Monogram P,14
Monogram R,15
Monogram S,16
Monogram T,17
Monogram W,18
Monogram I,2
Monogram Q,3
Monogram U,4
Monogram V,5
Monogram X,6
Monogram Y,7
Monogram A,1
Monogram D,2
Monogram L,3
Monogram M,4
Monogram R,5
Monogram T,7
Monogram W,8
Monogram B,2
Monogram F,5
Monogram L,10
Monogram W,16
Monogram A,1
Monogram C,2
Monogram D,3
Monogram F,4
Monogram P,6
Monogram C,1
Monogram E,2
Monogram G,3
Monogram J,4
Monogram K,5
Monogram L,6
Monogram P,7
Monogram T,9
Monogram D,1
Monogram F,2
Monogram R,4
Monogram A,1
Monogram C,3
Monogram D,4
Monogram G,6
Monogram H,7
Monogram J,8
Monogram K,9
Monogram M,11
Monogram P,12
Monogram R,13
Monogram S,14
Monogram T,15
Monogram W,1
Monogram T,2
Monogram S,3
Monogram R,4
Monogram P,5
Monogram M,6
Monogram L,7
Monogram K,8
Monogram J,9
Monogram H,10
Monogram G,11
Monogram F,12
Monogram D,13
Monogram C,14
Monogram B,15
Monogram A,16
Monogram X,9
Monogram A,1
Monogram B,2
Monogram C,3
Monogram D,4
Monogram F,5
Monogram G,6
Monogram H,7
Monogram J,8
Monogram K,9
Monogram L,10
Monogram M,11
Monogram P,12
Monogram R,13
Monogram S,14
Monogram T,15
Monogram W,16
Monogram C,1
Monogram D,2
Monogram A,1
Monogram B,2
Monogram C,3
Monogram D,4
Monogram E,5
Monogram F,6
Monogram G,7
Monogram H,8
Monogram J,9
Monogram K,10
Monogram L,11
Monogram M,12
Monogram N,13
Monogram P,14
Monogram R,15
Monogram S,16
Monogram T,17
Monogram W,18
Monogram C,2
Monogram D,3
Monogram E,4
Monogram F,5
Monogram J,6
Monogram K,7
Monogram L,8
Monogram N,9
Monogram O,10
Monogram P,11
Monogram R,12
Monogram T,14
Monogram V,15
Monogram Y,17
Monogram A,1
Monogram C,2
Monogram D,3
Monogram E,4
Monogram F,5
Monogram G,6
Monogram J,7
Monogram K,8
Monogram L,9
Monogram M,10
Monogram N,11
Monogram O,12
Monogram P,13
Monogram R,14
Monogram S,15
Monogram T,16
Monogram V,17
Monogram W,18
Monogram Y,19
Monogram A,1
Monogram C,2
Monogram D,3
Monogram E,4
Monogram F,5
Monogram G,6
Monogram J,8
Monogram K,9
Monogram L,10
Monogram N,12
Monogram O,13
Monogram P,14
Monogram R,15
Monogram T,17
Monogram V,18
Monogram W,19
Monogram Y,20
Monogram A,1
Monogram D,2
Monogram E,3
Monogram F,4
Monogram G,5
Monogram J,7
Monogram K,8
Monogram L,9
Monogram N,10
Monogram O,11
Monogram P,12
Monogram R,13
Monogram S,14
Monogram T,15
Monogram V,16
Monogram Y,17
Monogram A,1
Monogram B,2
Monogram C,3
Monogram D,4
Monogram E,5
Monogram F,6
Monogram G,7
Monogram H,8
Monogram I,9
Monogram J,10
Monogram K,11
Monogram L,12
Monogram M,13
Monogram N,14
Monogram O,15
Monogram P,16
Monogram Q,17
Monogram R,18
Monogram S,19
Monogram T,20
Monogram U,21
Monogram V,22
Monogram W,23
Monogram X,24
Monogram Y,25
Monogram Z,26
Monogram A,1
Monogram B,2
Monogram C,3
Monogram D,4
Monogram E,5
Monogram F,6
Monogram G,7
Monogram H,8
Monogram J,9
Monogram K,10
Monogram L,11
Monogram M,12
Monogram N,13
Monogram P,14
Monogram R,15
Monogram S,16
Monogram T,17
Monogram W,18
Monogram A,1
Monogram B,2
Monogram C,3
Monogram D,4
Monogram E,5
Monogram F,6
Monogram G,7
Monogram H,8
Monogram I,9
Monogram J,10
Monogram K,11
Monogram L,12
Monogram M,13
Monogram N,14
Monogram O,15
Monogram P,16
Monogram Q,17
Monogram R,18
Monogram S,19
Monogram T,20
Monogram U,21
Monogram V,22
Monogram W,23
Monogram X,24
Monogram Y,25
Monogram Z,26
Monogram A,1
Monogram B,2
Monogram C,3
Monogram D,4
Monogram E,5
Monogram F,6
Monogram G,7
Monogram H,8
Monogram J,9
Monogram K,10
Monogram L,11
Monogram M,12
Monogram N,13
Monogram P,14
Monogram R,15
Monogram S,16
Monogram T,17
Monogram W,18
Monogram A,1
Monogram F,3
Monogram H,4
Monogram T,6
Monogram C,1
Monogram F,2
Monogram H,3
Monogram J,4
Monogram L,5
Monogram N,6
Monogram P,7
Monogram W,8
Monogram U,1
Monogram X,2
Monogram I,3
Monogram L,4
Monogram N,5
Monogram O,6
Monogram Q,7
Monogram V,8
Monogram Y,9
Monogram A,1
Monogram B,2
Monogram C,3
Monogram D,4
Monogram F,5
Monogram G,6
Monogram H,7
Monogram K,8
Monogram L,9
Monogram M,10
Monogram P,11
Monogram R,12
Monogram S,13
Monogram T,14
Monogram W,15
Monogram A,1
Monogram B,2
Monogram C,3
Monogram D,4
Monogram F,5
Monogram G,6
Monogram H,7
Monogram J,8
Monogram K,9
Monogram L,10
Monogram M,11
Monogram P,12
Monogram R,13
Monogram S,14
Monogram T,15
Monogram W,16
Monogram W,16
Monogram A,1
Monogram B,2
Monogram C,3
Monogram F,4
Monogram G,5
Monogram H,6
Monogram J,7
Monogram J,8
Monogram K,9
Monogram L,10
Monogram M,11
Monogram R,13
Monogram S,14
Monogram T,15
Monogram A,1
Monogram C,2
Monogram D,3
Monogram E,4
Monogram F,5
Monogram H,6
Monogram J,7
Monogram K,8
Monogram L,9
Monogram N,10
Monogram O,11
Monogram P,12
Monogram R,13
Monogram S,14
Monogram T,15
Monogram V,16
Monogram W,17
Monogram Y,18
Monogram A,1
Monogram C,2
Monogram D,3
Monogram E,4
Monogram F,5
Monogram G,6
Monogram H,7
Monogram J,8
Monogram K,9
Monogram L,10
Monogram M,11
Monogram N,12
Monogram O,13
Monogram P,14
Monogram R,15
Monogram T,16
Monogram V,17
Monogram W,18
Monogram Y,19
Monogram A,1
Monogram B,2
Monogram C,3
Monogram D,4
Monogram E,5
Monogram F,6
Monogram G,7
Monogram H,8
Monogram J,9
Monogram K,10
Monogram L,11
Monogram N,12
Monogram O,13
Monogram P,14
Monogram R,15
Monogram S,16
Monogram T,17
Monogram V,18
Monogram W,19
Monogram Y,20
Monogram A,1
Monogram B,2
Monogram C,3
Monogram D,4
Monogram E,5
Monogram F,6
Monogram G,7
Monogram H,8
Monogram J,9
Monogram K,10
Monogram L,11
Monogram M,12
Monogram N,13
Monogram O,14
Monogram P,15
Monogram R,16
Monogram S,17
Monogram T,18
Monogram V,19
Monogram W,20
Monogram Y,21
Monogram A,1
Monogram B,2
Monogram C,3
Monogram D,4
Monogram E,5
Monogram F,6
Monogram G,7
Monogram H,8
Monogram I,9
Monogram J,10
Monogram K,11
Monogram L,12
Monogram M,13
Monogram N,14
Monogram O,15
Monogram P,16
Monogram Q,17
Monogram R,18
Monogram S,19
Monogram T,20
Monogram U,21
Monogram V,22
Monogram W,23
Monogram X,24
Monogram Y,25
Monogram Z,26
Monogram A,1
Monogram B,2
Monogram C,3
Monogram D,4
Monogram E,5
Monogram F,6
Monogram G,7
Monogram H,8
Monogram I,9
Monogram J,10
Monogram K,11
Monogram L,12
Monogram M,13
Monogram N,14
Monogram O,15
Monogram P,16
Monogram Q,17
Monogram R,18
Monogram S,19
Monogram T,20
Monogram U,21
Monogram V,22
Monogram W,23
Monogram X,24
Monogram Y,25
Monogram Z,26
Monogram W,18
Monogram T,17
Monogram S,16
Monogram R,15
Monogram P,14
Monogram N,13
Monogram M,12
Monogram L,11
Monogram K,10
Monogram J,9
Monogram H,8
Monogram G,7
Monogram F,6
Monogram E,5
Monogram D,4
Monogram C,3
Monogram B,2
Monogram A,1
Monogram W,18
Monogram T,17
Monogram S,16
Monogram R,15
Monogram P,14
Monogram N,13
Monogram M,12
Monogram L,11
Monogram K,10
Monogram J,9
Monogram H,8
Monogram G,7
Monogram F,6
Monogram E,5
Monogram D,4
Monogram C,3
Monogram B,2
Monogram A,1
Monogram A,1
Monogram B,2
Monogram C,3
Monogram D,4
Monogram E,5
Monogram F,6
Monogram G,7
Monogram H,8
Monogram J,9
Monogram K,10
Monogram L,11
Monogram M,12
Monogram N,13
Monogram P,14
Monogram R,15
Monogram S,16
Monogram T,17
Monogram W,18
Monogram K,2
Monogram G,1
Monogram W,18
Monogram T,17
Monogram S,16
Monogram R,15
Monogram P,14
Monogram N,13
Monogram M,12
Monogram L,11
Monogram K,10
Monogram J,9
Monogram H,8
Monogram G,7
Monogram F,6
Monogram E,5
Monogram D,4
Monogram C,3
Monogram B,2
Monogram A,1
Monogram Z,5
Monogram Y,4
Monogram U,3
Monogram Q,2
Monogram A,1
Monogram W,18
Monogram T,17
Monogram S,16
Monogram R,15
Monogram P,14
Monogram N,13
Monogram M,12
Monogram L,11
Monogram K,10
Monogram J,9
Monogram H,8
Monogram G,7
Monogram F,6
Monogram E,5
Monogram D,4
Monogram C,3
Monogram B,2
Monogram A,1
Monogram S,12
Monogram P,10
Monogram N,9
Monogram L,8
Monogram J,6
Monogram F,4
Monogram E,3
Monogram D,2
Monogram A,1
Monogram B,2
Monogram C,3
Monogram D,4
Monogram E,5
Monogram F,6
Monogram G,7
Monogram H,8
Monogram J,9
Monogram K,10
Monogram L,11
Monogram M,12
Monogram N,13
Monogram P,14
Monogram R,15
Monogram S,16
Monogram T,17
Monogram W,18
Monogram A,1
Monogram B,2
Monogram C,3
Monogram D,4
Monogram E,5
Monogram F,6
Monogram G,7
Monogram J,8
Monogram K,9
Monogram L,10
Monogram M,11
Monogram N,12
Monogram P,13
Monogram R,14
Monogram S,15
Monogram T,16
Monogram W,17
Monogram A,1
Monogram B,2
Monogram C,3
Monogram D,4
Monogram E,5
Monogram F,6
Monogram G,7
Monogram H,8
Monogram J,9
Monogram K,10
Monogram L,11
Monogram M,12
Monogram N,13
Monogram P,14
Monogram R,15
Monogram S,16
Monogram T,17
Monogram W,18
Monogram A,1
Monogram B,2
Monogram C,3
Monogram D,4
Monogram E,5
Monogram F,6
Monogram G,7
Monogram H,8
Monogram J,9
Monogram K,10
Monogram L,11
Monogram M,12
Monogram N,13
Monogram P,14
Monogram R,15
Monogram S,16
Monogram T,17
Monogram W,18
Monogram A,1
Monogram B,2
Monogram C,3
Monogram D,4
Monogram E,5
Monogram F,6
Monogram G,7
Monogram H,8
Monogram J,9
Monogram K,10
Monogram L,11
Monogram M,12
Monogram N,13
Monogram P,14
Monogram R,15
Monogram S,16
Monogram T,17
Monogram W,18
Monogram A,1
Monogram B,2
Monogram C,3
Monogram D,4
Monogram E,5
Monogram F,6
Monogram G,7
Monogram H,8
Monogram J,9
Monogram K,10
Monogram L,11
Monogram M,12
Monogram N,13
Monogram P,14
Monogram R,15
Monogram S,16
Monogram T,17
Monogram W,18
Monogram A,1
Monogram B,2
Monogram C,3
Monogram D,4
Monogram E,5
Monogram F,6
Monogram G,7
Monogram H,8
Monogram J,9
Monogram K,10
Monogram L,11
Monogram M,12
Monogram N,13
Monogram P,14
Monogram R,15
Monogram S,16
Monogram T,17
Monogram W,18
Monogram A,1
Monogram B,2
Monogram C,3
Monogram D,4
Monogram E,5
Monogram F,6
Monogram G,7
Monogram H,8
Monogram I,9
Monogram J,10
Monogram K,11
Monogram L,12
Monogram M,13
Monogram N,14
Monogram O,15
Monogram P,16
Monogram Q,17
Monogram R,18
Monogram S,19
Monogram T,20
Monogram U,21
Monogram V,22
Monogram W,23
Monogram X,24
Monogram Y,25
Monogram Z,26
Monogram A,1
Monogram B,2
Monogram C,3
Monogram D,4
Monogram F,5
Monogram G,6
Monogram H,7
Monogram J,8
Monogram K,9
Monogram L,10
Monogram M,11
Monogram P,12
Monogram R,13
Monogram S,14
Monogram T,15
Monogram W,16
Monogram A,1
Monogram B,2
Monogram C,3
Monogram D,4
Monogram E,5
Monogram F,6
Monogram G,7
Monogram H,8
Monogram J,9
Monogram K,10
Monogram L,11
Monogram M,12
Monogram N,13
Monogram P,14
Monogram R,15
Monogram S,16
Monogram T,17
Monogram W,18
Monogram A,1
Monogram B,2
Monogram C,3
Monogram D,4
Monogram E,5
Monogram F,6
Monogram G,7
Monogram H,8
Monogram J,9
Monogram K,10
Monogram L,11
Monogram M,12
Monogram N,13
Monogram P,14
Monogram R,15
Monogram S,16
Monogram T,17
Monogram W,18
Monogram A,1
Monogram B,2
Monogram C,3
Monogram D,4
Monogram E,5
Monogram F,6
Monogram G,7
Monogram H,8
Monogram J,9
Monogram K,10
Monogram L,11
Monogram M,12
Monogram N,13
Monogram P,14
Monogram R,15
Monogram S,16
Monogram T,17
Monogram W,18
Monogram A,1
Monogram D,2
Monogram S,3
Monogram F,4
Monogram G,5
Monogram I,6
Monogram J,7
Monogram L,8
Monogram M,9
Monogram Q,10
Monogram X,12
Monogram A,1
Monogram B,2
Monogram C,3
Monogram D,4
Monogram E,5
Monogram F,6
Monogram G,7
Monogram H,8
Monogram J,9
Monogram K,10
Monogram L,11
Monogram M,12
Monogram P,13
Monogram R,14
Monogram S,15
Monogram T,16
Monogram W,17
