Accessories,14
,0
,0
Art Snaps,20
Large Mailwraps,22
Regular Mailwraps,21
Accessories,10
Accessories,10
Accessories,10
Appliqued,2
Burlap,4
Fiber Optic,7
Printed,1
Accessories,11
Accessories,11
Accessories,11
Appliqued,2
Burlap,4
Fiber Optic,7
Printed,1
,0
,0
Appliqued,2
Printed,1
Designables,40
Yard DeSigns,41
Accessories,0
Double Appliqued,3
,0
,0
,0
Accessories,0
Accessories,10
Accessories,10
Accessories,10
Accessories,11
Accessories,11
Accessories,15
Printed,1
,0
Appliqued,2
Printed,1
,0
,0
,0
,0
Flags With Stand,6
Accessories,10
,0
Accessories,13
,0
