Estate/Extra Large,3
Estate/Extra Large,3
Garden/Mini,1
Garden/Mini,1
Garden/Mini,1
Garden/Mini,1
Garden/Mini,1
Garden/Mini,1
House/Large,2
House/Large,2
House/Large,2
House/Large,2
House/Large,2
House/Large,2
House/Large,2
House/Large,2
House/Large,2
House/Large,2
House/Large,2
Estate/Extra Large,3
Garden/Mini,1
Regular,1
Large,2
"18"" x 30""",1
"10"" x 22""",3
"18"" x 26.5""",2
Estate/Extra Large,3
Estate/Extra Large,3
Garden/Mini,1
House & Garden,4
House/Large,2
Estate/Extra Large,3
House/Large,2
House/Large,2
Garden/Mini,1
Estate/Extra Large,3
House/Large,2
