Diamond FX  - 0.35 oz/10 gm,1
Paradise  - 0.25 oz/7 gm,3
Kryolan  - 0.25 oz/4 ml,2
Diamond FX  - 1.13 oz/32 gm,2
TAG  - 1.13 oz/32 gm,7
Graftobian  - 1 oz/30 ml,4
Kryolan  - 0.5 oz/8 ml,5
Diamond FX  - 1.59 oz/45 gm,2
TAG  - 1.76 oz/50 gm,5
Paradise  - 1.4 oz/40 gm,4
Kryolan  - 2.5 oz/30 ml,3
Diamond FX  - 3.17 oz/90 gm,1
TAG  - 3.17 oz/90 gm,3
Kryolan  - 3.5 oz/55 ml,2
Diamond FX  - 0.35 oz/10 gm,1
Paradise  - 0.25 oz/7 gm,3
Kryolan  - 0.25 oz/4 ml,2
Diamond FX  - 1.13 oz/32 gm,3
TAG  - 1.13 oz/32 gm,9
Graftobian  - 1 oz/30 ml,6
Kryolan  - 0.5 oz/8 ml,7
Diamond FX  - 1.59 oz/45 gm,3
TAG  - 1.76 oz/50 gm,6
Paradise  - 1.4 oz/40 gm,5
Kryolan  - 2.5 oz/30 ml,4
Diamond FX  - 3.17 oz/90 gm,1
TAG  - 3.17 oz/90 gm,3
Kryolan  - 3.5 oz/55 ml,2
Diamond FX  - 0.35 oz/10 gm,1
Paradise  - 0.25 oz/7 gm,3
Kryolan  - 0.25 oz/4 ml,2
Diamond FX  - 1.13 oz/32 gm,2
TAG  - 1.13 oz/32 gm,7
Graftobian  - 1 oz/30 ml,4
Kryolan  - 0.5 oz/8 ml,5
Diamond FX  - 1.59 oz/45 gm,1
Paradise  - 1.4 oz/40 gm,3
Kryolan  - 2.5 oz/30 ml,2
Diamond FX  - 3.17 oz/90 gm,1
TAG  - 3.17 oz/90 gm,3
Kryolan  - 3.5 oz/55 ml,2
Ben Nye Banana - 1.5 oz/42 gm,2
Ben Nye Banana - 3 oz/84 gm,3
Ben Nye Banana - 0.92 oz/ 26 gm,1
Cinema Secrets Soft Custard - 0.78 oz/22 gm,4
Graftobian Banana Cream Pie - 0.7 oz,5
Mehron Saffron Yellow - 0.41 oz/ 12 gm,6
Kryvaline - 1.06 oz/30 gm,6
Kryvaline - 1.06 oz/30 gm,6
Kryvaline - 1.06 oz/30 gm,8
Global - 32 gm,3
Diamond FX  - 1.13 oz/32 gm,2
Global - 32 gm,3
Graftobian  - 1 oz/30 ml,4
Kryolan - 1.4 oz/30 ml,5
Kryvaline - 1.06 oz/30 gm,6
TAG  - 1.13 oz/32 gm,7
Diamond FX  - 1.13 oz/32 gm,1
TAG  - 1.13 oz/32 gm,2
Diamond FX  - 1.13 oz/32 gm,2
Global - 32 gm,3
Graftobian  - 1 oz/30 ml,4
Kryolan - 1.4 oz/30 ml,5
Kryvaline - 1.06 oz/30 gm,6
TAG  - 1.13 oz/32 gm,7
Diamond FX  - 1.13 oz/32 gm,2
Global - 32 gm,3
Graftobian  - 1 oz/30 ml,4
Kryolan - 1.4 oz/30 ml,5
Kryvaline - 1.06 oz/30 gm,6
TAG  - 1.13 oz/32 gm,7
Diamond FX  - 1.13 oz/32 gm,2
Global - 32 gm,3
Graftobian  - 1 oz/30 ml,4
Kryolan - 1.4 oz/30 ml,5
Kryvaline - 1.06 oz/30 gm,6
TAG  - 1.13 oz/32 gm,7
Diamond FX  - 1.13 oz/32 gm,2
Kryolan - 1.4 oz/30 ml,3
Kryvaline - 1.06 oz/30 gm,4
TAG  - 1.13 oz/32 gm,5
Diamond FX  - 1.13 oz/32 gm,2
Global - 32 gm,3
Cameleon - 1.06 oz/30 gm,1
Cameleon - 1.59 oz/45 gm,1
Cameleon - 1.13 oz/32 gm (Black Velvet),1
Cameleon - 1.13 oz/32 gm (Strong Black),2
Cameleon - 1.59 oz/45 gm (Black Velvet),1
Cameleon - 1.59 oz/45 gm (Strong Black),2
Cameleon - 1.13 oz/32 gm,1
Cameleon - 1.13 oz/32 gm,1
Cameleon - 1.13 oz/32 gm,1
Cameleon - 1.13 oz/32 gm,1
Cameleon - 1.13 oz/32 gm,1
Cameleon - 1.13 oz/32 gm,1
Cameleon - 1.13 oz/32 gm,1
Global - 32 gm (Soft Black),4
Global - 32 gm (Strong Black),5
Global - 32 gm,3
