Single Colors,1
Single Colors,1
Single Colors,1
Palettes,2
Palettes,2
Palettes,2
Palettes,2
Palettes,2
Split Cakes,3
Split Cakes,3
Split Cakes,3
Character Kits,4
Character Kits,4
Character Kits,4
Character Kits,4
Character Kits,4
Character Kits,4
Character Kits,4
Character Kits,4
Character Kits,4
Character Kits,4
Character Kits,4
Character Kits,4
Character Kits,4
Character Kits,4
Character Kits,4
Character Kits,4
Character Kits,4
Character Kits,4
Character Kits,4
Character Kits,4
Character Kits,4
Character Kits,4
Character Kits,4
Character Kits,4
Character Kits,4
Character Kits,4
Character Kits,4
Character Kits,4
Character Kits,4
Character Kits,4
Character Kits,4
Character Kits,4
Character Kits,4
Character Kits,4
Character Kits,4
Character Kits,4
Character Kits,4
Character Kits,4
Character Kits,4
Character Kits,4
Character Kits,4
Character Kits,4
Character Kits,4
Character Kits,4
Character Kits,4
Character Kits,4
Character Kits,4
Character Kits,4
Character Kits,4
Character Kits,4
Character Kits,4
Character Kits,4
Character Kits,4
Character Kits,4
Character Kits,4
Character Kits,4
Character Kits,4
Character Kits,4
Character Kits,4
Character Kits,4
Character Kits,4
Character Kits,4
Character Kits,4
Character Kits,4
Character Kits,4
Character Kits,4
Character Kits,4
Character Kits,4
Character Kits,4
Character Kits,4
Character Kits,4
Character Kits,4
Character Kits,4
Character Kits,4
Character Kits,4
Character Kits,4
Character Kits,4
Character Kits,4
Character Kits,4
Character Kits,4
Character Kits,4
Liquid Face Paint,5
Liquid Face Paint,5
Liquid Face Paint,5
Liquid Face Paint,5
Air Brush,6
Cream Makeup,7
Crayons,8
