Up to 50 faces,1
Up to 50 faces,1
Up to 50 faces,1
Up to 50 faces,1
Up to 50 faces,1
Up to 50 faces,1
Up to 50 faces,1
Up to 50 faces,1
Up to 50 faces,1
Up to 50 faces,1
Up to 50 faces,1
Up to 50 faces,1
Up to 50 faces,2
50 - 100 faces,2
50 - 100 faces,2
Up to 50 faces,2
50 - 100 faces,2
50 - 100 faces,2
Up to 50 faces,2
Up to 50 faces,2
50 - 100 faces,2
100 - 250 faces,3
100 - 250 faces,3
100 - 250 faces,3
500+ faces,3
100 - 250 faces,4
100 - 250 faces,4
500+ faces,5
50 - 100 faces,5
