1 oz,4
18 ml,3
0.14 oz.,2
90 gm,
5 gm refill,4
5 gm refill,4
5 gm refill,4
5 gm refill,4
5 gm refill,4
5 gm refill,4
5 gm refill,4
5 gm refill,4
5 gm refill,4
5 gm refill,4
1 oz,4
2 ml refill,4
Refill (2.2 oz / 65 ml ),1
Refill  (16 oz / 473 ml),1
Refill (8 oz / 236 ml),2
Spray (2 oz / 59 ml),3
Spray (2 oz),2
Refill (16 oz / 473 ml),1
10 ml (0.34 oz) Vial,2
1 oz.,2
4 oz.,1
30 gm,3
45 gm,2
90 gm,1
90 gm,1
30 gm,3
45 gm,2
90 gm,1
30 gm,3
45 gm,2
90 gm,1
5 gm refill,4
5 gm refill,4
2 ml refill,4
45 gm,2
4.5 oz,3
8 ml (.5 oz),3
4.5 oz,1
30 gm,3
1.4 oz (40 gm),1
30 gm,3
45 gm,2
90 gm,1
Bottle (4 oz),
4.5 oz,3
55 ml (3.5 oz),
4 oz.,
30 ml (1.4 oz),2
55 ml (2.5 oz),1
30 ml (1.4 oz),2
55 ml (2.5 oz),1
55 ml (2.5 oz),1
30 ml (1.4 oz),2
55 ml (2.5 oz),1
30 ml (1.4 oz),2
55 ml (2.5 oz),1
30 ml (1.4 oz),2
55 ml (2.5 oz),1
30 ml (1.4 oz),2
55 ml (2.5 oz),1
30 ml (1.4 oz),2
55 ml (2.5 oz),1
4 ml refill (0.25 oz),4
4 ml refill (0.25 oz),4
4 ml refill (0.25 oz),4
4 ml refill (0.25 oz),4
4 ml refill (0.25 oz),4
4 ml refill (0.25 oz),4
4 ml refill (0.25 oz),4
4 ml refill (0.25 oz),4
18 ml,3
18 ml,3
2 oz,1
0.5 oz,2
30 gm,3
30 ml (1.4 oz),
30 gm,3
45 gm,2
1.4 oz (40 gm),1
1.4 oz (40 gm),1
0.25 oz refill (7 gm),2
0.25 oz refill (7 gm),2
0.5 oz,2
0.5 oz,2
0.5 oz,2
0.5 oz,2
0.5 oz,2
2 oz,1
2 oz,1
2 oz,1
2 oz,1
2 oz,1
1.4 oz (40 gm),1
75 ml,2
45 gm,2
90 gm,1
30 gm,3
45 gm,2
90 gm,1
30 gm,3
45 gm,2
90 gm,1
30 gm,3
45 gm,2
90 gm,1
30 gm,3
45 gm,2
90 gm,1
30 gm,3
45 gm,2
90 gm,1
30 gm,3
45 gm,2
90 gm,1
30 gm,3
45 gm,2
90 gm,1
30 gm,3
45 gm,2
90 gm,1
30 gm,3
45 gm,2
30 gm,3
45 gm,2
90 gm,1
30 gm,3
30 gm,3
45 gm,2
30 gm,3
45 gm,2
90 gm,1
30 gm,3
30 gm,3
45 gm,2
30 gm,3
45 gm,2
30 gm,3
45 gm,2
30 gm,3
45 gm,2
30 gm,3
45 gm,2
90 gm,1
30 gm,3
30 gm,3
45 gm,2
90 gm,1
1 oz,4
1.4 oz (40 gm),1
30 gm,3
90 gm,1
45 gm,2
0.25 oz refill (7 gm),2
30 ml (2.5 oz),2
55 ml (3.5 oz),1
30 ml (2.5 oz),2
55 ml (3.5 oz),1
4 ml refill (0.25 oz),4
4 ml refill (0.25 oz),4
30 ml (2.5 oz),2
30 ml (2.5 oz),2
30 ml (2.5 oz),2
55 ml (3.5 oz),1
30 ml (2.5 oz),2
55 ml (3.5 oz),1
30 ml (2.5 oz),2
30 ml (2.5 oz),2
4 ml refill (0.25 oz),4
4 ml refill (0.25 oz),4
4 ml refill (0.25 oz),4
4 ml refill (0.25 oz),4
4 ml refill (0.25 oz),4
4 ml refill (0.25 oz),4
4 ml refill (0.25 oz),4
4 ml refill (0.25 oz),4
0.5 oz.,1
45 gm,2
30 ml (1.4 oz),2
55 ml (2.5 oz),1
4 ml refill (0.25 oz),4
30 ml (1.4 oz),2
55 ml (2.5 oz),1
4 ml refill (0.25 oz),4
30 ml (1.4 oz),2
55 ml (2.5 oz),1
4 ml refill (0.25 oz),4
30 ml (1.4 oz),2
55 ml (2.5 oz),1
4 ml refill (0.25 oz),4
30 ml (1.4 oz),2
55 ml (2.5 oz),1
4 ml refill (0.25 oz),4
1.4 oz (40 gm),1
1.4 oz (40 gm),1
1.4 oz (40 gm),1
1.4 oz (40 gm),1
1.4 oz (40 gm),1
1.4 oz (40 gm),1
1.4 oz (40 gm),1
1.4 oz (40 gm),1
1.4 oz (40 gm),1
1.4 oz (40 gm),1
1.4 oz (40 gm),1
1.4 oz (40 gm),1
1.4 oz (40 gm),1
1.4 oz (40 gm),1
1.4 oz (40 gm),1
1.4 oz (40 gm),1
1.4 oz (40 gm),1
1.4 oz (40 gm),1
1.4 oz (40 gm),1
0.25 oz refill (7 gm),2
0.25 oz refill (7 gm),2
0.25 oz refill (7 gm),2
0.25 oz refill (7 gm),2
0.25 oz refill (7 gm),2
0.25 oz refill (7 gm),2
0.25 oz refill (7 gm),2
0.25 oz refill (7 gm),2
0.25 oz refill (7 gm),2
0.25 oz refill (7 gm),2
0.25 oz refill (7 gm),2
0.25 oz refill (7 gm),2
0.25 oz refill (7 gm),2
0.25 oz refill (7 gm),2
0.25 oz refill (7 gm),2
0.25 oz refill (7 gm),2
0.25 oz refill (7 gm),2
0.25 oz refill (7 gm),2
0.25 oz refill (7 gm),2
1.4 oz (40 gm),1
1.4 oz (40 gm),1
1.4 oz (40 gm),1
1.4 oz (40 gm),1
1.4 oz (40 gm),1
1.4 oz (40 gm),1
1.4 oz (40 gm),1
1.4 oz (40 gm),1
5 gm refill,4
4 ml refill (0.25 oz),4
4 ml refill (0.25 oz),4
0.25 oz refill (7 gm),2
0.25 oz refill (7 gm),2
0.25 oz refill (7 gm),2
0.25 oz refill (7 gm),2
0.25 oz refill (7 gm),2
0.25 oz refill (7 gm),2
0.25 oz refill (7 gm),2
0.25 oz refill (7 gm),2
4 ml refill (0.25 oz),4
4 ml refill (0.25 oz),4
30 ml (2.5 oz),3
30 ml (2.5 oz),3
4 ml refill (0.25 oz),4
4 ml refill (0.25 oz),4
4 ml refill (0.25 oz),4
8 ml (.5 oz),3
30 ml (2.5 oz),2
55 ml (3.5 oz),1
30 ml (2.5 oz),2
55 ml (3.5 oz),1
8 ml (.5 oz),3
30 ml (2.5 oz),2
55 ml (3.5 oz),1
30 ml (2.5 oz),2
55 ml (3.5 oz),1
30 ml (2.5 oz),2
55 ml (3.5 oz),1
8 ml (.5 oz),3
30 ml (2.5 oz),2
55 ml (3.5 oz),1
8 ml (.5 oz),3
30 ml (2.5 oz),2
55 ml (3.5 oz),1
8 ml (.5 oz),3
30 ml (2.5 oz),2
55 ml (3.5 oz),1
30 ml (2.5 oz),2
30 ml (2.5 oz),2
55 ml (3.5 oz),1
8 ml (.5 oz),3
30 ml (2.5 oz),2
30 ml (2.5 oz),2
30 ml (2.5 oz),2
30 ml (2.5 oz),2
55 ml (3.5 oz),1
8 ml (.5 oz),3
30 ml (2.5 oz),2
55 ml (3.5 oz),1
30 ml (2.5 oz),2
30 ml (2.5 oz),2
55 ml (3.5 oz),1
30 ml (2.5 oz),2
55 ml (3.5 oz),1
30 ml (2.5 oz),2
55 ml (3.5 oz),1
30 ml (2.5 oz),2
30 ml (2.5 oz),2
8 ml (.5 oz),3
30 ml (2.5 oz),2
55 ml (3.5 oz),1
30 ml (2.5 oz),2
55 ml (3.5 oz),1
30 ml (2.5 oz),2
55 ml (3.5 oz),1
30 ml (2.5 oz),2
55 ml (3.5 oz),1
8 ml (.5 oz),3
30 ml (2.5 oz),2
55 ml (3.5 oz),1
30 ml (2.5 oz),2
55 ml (3.5 oz),1
30 ml (2.5 oz),2
30 ml (2.5 oz),2
55 ml (3.5 oz),1
30 ml (2.5 oz),2
8 ml (.5 oz),3
30 ml (2.5 oz),2
55 ml (3.5 oz),1
8 ml (.5 oz),3
30 ml (2.5 oz),2
55 ml (3.5 oz),1
30 ml (2.5 oz),2
30 ml (2.5 oz),2
55 ml (3.5 oz),1
30 ml (2.5 oz),2
55 ml (3.5 oz),1
4 ml refill (0.25 oz),4
4 ml refill (0.25 oz),4
4 ml refill (0.25 oz),4
4 ml refill (0.25 oz),4
4 ml refill (0.25 oz),4
4 ml refill (0.25 oz),4
4 ml refill (0.25 oz),4
4 ml refill (0.25 oz),4
4 ml refill (0.25 oz),4
4 ml refill (0.25 oz),4
4 ml refill (0.25 oz),4
4 ml refill (0.25 oz),4
4 ml refill (0.25 oz),4
4 ml refill (0.25 oz),4
4 ml refill (0.25 oz),4
4 ml refill (0.25 oz),4
4 ml refill (0.25 oz),4
4 ml refill (0.25 oz),4
4 ml refill (0.25 oz),4
4 ml refill (0.25 oz),4
4 ml refill (0.25 oz),4
4 ml refill (0.25 oz),4
4 ml refill (0.25 oz),4
4 ml refill (0.25 oz),4
4 ml refill (0.25 oz),4
4 ml refill (0.25 oz),4
4 ml refill (0.25 oz),4
4 ml refill (0.25 oz),4
4 ml refill (0.25 oz),4
4 ml refill (0.25 oz),4
4 ml refill (0.25 oz),4
4 ml refill (0.25 oz),4
55 ml (3.5 oz),1
30 ml (2.5 oz),2
55 ml (3.5 oz),1
8 ml (0.5 oz),3
0.14 oz,2
0.5 oz,2
2 oz,1
2 oz,1
0.5 oz,2
0.5 oz,2
0.5 oz,2
0.5 oz,2
0.5 oz,2
0.5 oz,2
0.5 oz,2
0.5 oz,2
2 oz,1
2 oz,1
2 oz,1
2 oz,1
2 oz,1
2 oz,1
0.5 oz,2
0.5 oz,2
0.5 oz,2
2 oz,1
2 oz,1
2 oz,1
2 oz,1
0.25 oz refill (7 gm),2
1 oz.,2
1 oz.,2
1 oz.,2
1 oz.,2
1 oz.,2
1 oz.,2
1 oz.,2
1 oz.,2
1 oz.,2
1 oz.,2
1 oz.,2
1 oz.,2
4 oz.,1
4 oz.,1
4 oz.,1
4 oz.,1
4 oz.,1
1 oz.,2
4 oz.,1
1 oz.,2
4 oz.,1
4 oz.,1
1 oz.,2
4 oz.,1
4 oz.,1
4 oz.,1
4 oz.,1
4 oz.,1
1 oz.,2
4 oz.,1
4 oz.,1
4 oz.,1
5 gm refill,4
8 ml -.5 oz,3
1 oz,2
1 oz.,
0.5 oz.,1
30 ml (2.5 oz),
5 gm refill,4
0.1 oz.,4
30 gm,3
0.25 oz refill (7 gm),2
30 gm,3
1 oz.,2
4.5 oz.,1
1 oz.,2
1 oz.,2
1 oz.,2
1 oz.,2
1 oz.,2
1 oz.,2
1 oz.,2
1 oz.,2
4.5 oz.,1
4.5 oz.,1
4.5 oz.,1
4.5 oz.,1
4.5 oz.,1
4.5 oz.,1
4.5 oz.,1
4.5 oz.,1
1 oz.,2
4.5 oz.,1
Refill 130 ml,1
10 ml (0.34 oz) Vial,2
4 ml refill (0.25 oz),
5 gm refill,4
5 gm refill,4
5 gm refill,4
5 gm refill,4
5 gm refill,4
5 gm refill,4
5 gm refill,4
5 gm refill,4
5 gm refill,4
5 gm refill,4
5 gm refill,4
5 gm refill,4
5 gm refill,4
5 gm refill,4
5 gm refill,4
5 gm refill,4
9 oz,3
3.2 oz.,3
0.25 oz refill (7 gm),
1.4 oz (40 gm),
0.25 oz refill (7 gm),
1.4 oz (40 gm),
0.25 oz refill (7 gm),
1.4 oz (40 gm),
0.25 oz refill (7 gm),
1.4 oz (40 gm),
0.25 oz refill (7 gm),
1.4 oz (40 gm),
0.25 oz refill (7 gm),
1.4 oz (40 gm),
0.25 oz refill (7 gm),
1.4 oz (40 gm),
0.25 oz refill (7 gm),
1.4 oz (40 gm),
30 ml (2.5 oz),3
55 ml (3.5 oz),2
4 ml refill (0.25 oz),1
30 ml (2.5 oz),2
55 ml (3.5 oz),3
4 ml refill (0.25 oz),1
10 gm Refill,1
32 gm,2
45 gm,3
90 gm,5
10 gm Refill,1
32 gm,2
45 gm,3
90 gm,5
10 gm Refill,1
32 gm,2
45 gm,3
10 gm Refill,1
32 gm,2
45 gm,3
90 gm,5
10 gm Refill,1
32 gm,2
45 gm,3
10 gm Refill,1
32 gm,2
45 gm,3
10 gm Refill,1
32 gm,2
45 gm,3
10 gm Refill,1
32 gm,2
45 gm,3
10 gm Refill,1
32 gm,2
45 gm,3
10 gm Refill,1
32 gm,2
45 gm,3
10 gm Refill,1
32 gm,2
45 gm,3
90 gm,5
10 gm Refill,1
32 gm,2
45 gm,3
90 gm,5
10 gm Refill,1
32 gm,2
45 gm,3
10 gm Refill,1
32 gm,2
45 gm,3
90 gm,5
10 gm Refill,1
32 gm,2
45 gm,3
10 gm Refill,1
32 gm,2
45 gm,3
90 gm,5
10 gm Refill,1
32 gm,2
45 gm,3
90 gm,5
10 gm Refill,1
32 gm,2
45 gm,3
10 gm Refill,1
32 gm,2
45 gm,3
90 gm,5
10 gm Refill,1
32 gm,2
45 gm,3
10 gm Refill,1
32 gm,2
45 gm,3
90 gm,5
10 gm Refill,1
32 gm,2
45 gm,3
90 gm,5
10 gm Refill,1
32 gm,2
45 gm,3
90 gm,5
10 gm Refill,1
32 gm,2
45 gm,3
90 gm,5
10 gm Refill,1
32 gm,2
45 gm,3
10 gm Refill,1
32 gm,2
45 gm,3
90 gm,5
10 gm Refill,1
32 gm,2
45 gm,3
90 gm,5
10 gm Refill,1
32 gm,2
45 gm,3
90 gm,5
10 gm Refill,1
32 gm,2
45 gm,3
10 gm Refill,1
32 gm,2
45 gm,3
10 gm Refill,1
32 gm,2
45 gm,3
10 gm Refill,1
32 gm,2
45 gm,3
10 gm Refill,1
32 gm,2
45 gm,3
10 gm Refill,1
32 gm,2
45 gm,3
10 gm Refill,1
32 gm,2
45 gm,3
10 gm Refill,1
32 gm,2
45 gm,3
10 gm Refill,1
32 gm,2
45 gm,3
90 gm,5
10 gm Refill,1
32 gm,2
45 gm,3
90 gm,5
10 gm Refill,1
32 gm,2
45 gm,3
90 gm,5
10 gm Refill,1
32 gm,2
45 gm,3
90 gm,5
10 gm Refill,1
32 gm,2
45 gm,3
90 gm,5
10 gm Refill,1
32 gm,2
45 gm,3
90 gm,5
10 gm Refill,1
32 gm,2
45 gm,3
90 gm,5
10 gm Refill,1
32 gm,2
45 gm,3
10 gm Refill,1
32 gm,2
45 gm,3
90 gm,5
2 ml/.14 oz,1
18 ml/.61 oz,2
75 ml/2.53 oz,3
2 ml/.14 oz,1
18 ml/.61 oz,2
75 ml/2.53 oz,3
2 ml/.14 oz,1
18 ml/.61 oz,2
75 ml/2.53 oz,3
2 ml/.14 oz,1
18 ml/.61 oz,2
75 ml/2.53 oz,3
2 ml/.14 oz,1
18 ml/.61 oz,2
75 ml/2.53 oz,3
2 ml/.14 oz,1
18 ml/.61 oz,2
75 ml/2.53 oz,3
2 ml/.14 oz,1
18 ml/.61 oz,2
75 ml/2.53 oz,3
2 ml/.14 oz,1
18 ml/.61 oz,2
75 ml/2.53 oz,3
2 ml/.14 oz,1
18 ml/.61 oz,2
2 ml/.14 oz,1
18 ml/.61 oz,2
2 ml/.14 oz,1
18 ml/.61 oz,2
2 ml/.14 oz,1
18 ml/.61 oz,2
2 ml/.14 oz,1
18 ml/.61 oz,2
2 ml/.14 oz,1
18 ml/.61 oz,2
2 ml/.14 oz,1
18 ml/.61 oz,2
2 ml/.14 oz,1
18 ml/.61 oz,2
2 ml/.14 oz,1
18 ml/.61 oz,2
2 ml/.14 oz,1
18 ml/.61 oz,2
2 ml/.14 oz,1
18 ml/.61 oz,2
2 ml/.14 oz,1
18 ml/.61 oz,2
2 ml/.14 oz,1
18 ml/.61 oz,2
2 ml/.14 oz,1
18 ml/.61 oz,2
2 ml/.14 oz,1
18 ml/.61 oz,2
2 ml/.14 oz,1
18 ml/.61 oz,2
2 ml/.14 oz,1
18 ml/.61 oz,2
2 ml/.14 oz,1
18 ml/.61 oz,2
2 ml/.14 oz,1
18 ml/.61 oz,2
2 ml/.14 oz,1
18 ml/.61 oz,2
2 ml/.14 oz,1
18 ml/.61 oz,2
2 ml/.14 oz,1
18 ml/.61 oz,2
2 ml/.14 oz,1
18 ml/.61 oz,2
2 ml/.14 oz,1
18 ml/.61 oz,2
2 ml/.14 oz,1
18 ml/.61 oz,2
2 ml/.14 oz,1
18 ml/.61 oz,2
2 ml/.14 oz,1
18 ml/.61 oz,2
2 ml/.14 oz,1
18 ml/.61 oz,2
2 ml/.14 oz,1
18 ml/.61 oz,2
2 ml/.14 oz,1
18 ml/.61 oz,2
2 ml/.14 oz,1
18 ml/.61 oz,2
2 ml/.14 oz,1
18 ml/.61 oz,2
2 ml/.14 oz,1
18 ml/.61 oz,2
2 ml/.14 oz,1
18 ml/.61 oz,2
2 ml/.14 oz,1
18 ml/.61 oz,2
75 ml/2.53 oz,3
2 ml/.14 oz,1
18 ml/.61 oz,2
10 gm Refill,1
32 gm,2
50 gm,4
50 gm,4
50 gm,4
50 gm,4
50 gm,4
50 gm,4
50 gm,4
50 gm,4
50 gm,4
50 gm,4
50 gm,4
18 ml,3
18 ml,3
2 ml,4
18 ml,3
1.59 oz/45 gm,2
1.06 oz/30 gm,1
32 gm,1
45 gm,1
32 gm,1
32 gm,1
45 gm,2
45 gm,2
1.13 oz/32 gm,1
1.13 oz/32 gm,1
1.13 oz/32 gm,1
1.13 oz/32 gm,1
1.13 oz/32 gm,1
1.13 oz/32 gm,1
1.13 oz/32 gm,1
1.13 oz/32 gm,1
1.13 oz/32 gm,1
1.13 oz/32 gm,1
1.13 oz/32 gm,1
1.13 oz/32 gm,1
1.13 oz/32 gm,1
1.13 oz/32 gm,1
1.13 oz/32 gm,1
1.13 oz/32 gm,1
1.13 oz/32 gm,1
