Stencils,1
Stencils,1
Stencils,1
Stencils,1
Stencils,1
Stencils,1
Stencils,1
Stencils,1
Stencils,1
Stencils,1
Stencils,1
Stencils,1
Stencils,1
Stencils,1
Stencils,1
Stencils,1
Stencils,1
Stencils,1
Stencils,1
Stencils,1
Stencils,1
Stencils,1
Stencils,1
Stencils,1
Stencils,1
Stencils,1
Stencils,1
Stencils,1
Stencils,1
Stencils,1
Stencils,1
Stencils,1
Stencils,1
Stencils,1
Stencils,1
Stencils,1
Stencils,1
Stencils,1
Stencils,1
Stencils,1
Stencils,1
Stencils,1
Stencils,1
Stencils,1
Stencils,1
Stencils,1
Stencils,1
Stencils,1
Stencils,1
Stencils,1
Stencils,1
Stencils,1
Stencils,1
Stencils,1
Stencils,1
Stencils,1
Stencils,1
Stencils,1
Stencils,1
Stencils,1
Stencils,1
Stencils,1
Stencils,1
Stencils,1
Stencils,1
Stencils,1
Stencils,1
Stencils,1
Stencils,1
Stencils,1
Stencils,1
Stencils,1
Stencils,1
Stencils,1
Stencils,1
Stencils,1
Stencils,1
Stencils,1
Stencils,1
Stencils,1
Stencils,1
Stencils,1
Stamps,2
Stamps,2
Stamps,2
Stamps,2
Stamps,2
Stamps,2
Stamps,2
Stamps,2
Stamps,2
Stamps,2
Stamps,2
Stamps,2
Stamps,2
Stamps,2
Stamps,2
Stamps,2
Stamps,2
Stamps,2
Stamps,2
Stamps,2
Stamps,2
Stamps,2
Stamps,2
Stamps,2
Stamps,2
Stamps,2
Stamps,2
Stamps,2
Stamps,2
Stamps,2
Stamps,2
Stamps,2
Stamps,2
Stamps,2
Stamps,2
Stamps,2
Stamps,2
Stamps,2
Stamps,2
Stamps,2
Stamps,2
Stamps,2
Stamps,2
Stamps,2
Stamps,2
Stamps,2
Stamps,2
Stamps,2
Stamps,2
Stamps,2
Stamps,2
Stamps,2
Stamps,2
Stamps,2
Stamps,2
Stamps,2
Stamps,2
Stamps,2
Stamps,2
Stamps,2
Stamps,2
Stamps,2
Stamps,2
Stamps,2
Stamps,2
Stamps,2
Stamps,2
Stamps,2
Stamps,2
Stamps,2
Stamps,2
Stamps,2
Stamps,2
Stamps,2
Stamps,2
Stamps,2
Stamps,2
Stamps,2
Stamps,2
Stamps,2
Glitter Tattoos,3
Glitter Tattoos,3
Glitter Tattoos,3
Glitter Tattoos,3
Glitter Tattoos,3
Glitter Tattoos,3
Glitter Tattoos,3
Glitter Tattoos,3
Glitter Tattoos,3
Glitter Tattoos,3
Glitter Tattoos,3
Glitter Tattoos,3
Glitter Tattoos,3
Glitter Tattoos,3
Glitter Tattoos,3
Glitter Tattoos,3
Glitter Tattoos,3
Glitter Tattoos,3
Glitter Tattoos,3
Glitter Tattoos,3
Glitter Tattoos,3
Glitter Tattoos,3
Glitter Tattoos,3
Glitter Tattoos,3
Glitter Tattoos,3
Glitter Tattoos,3
Glitter Tattoos,3
Glitter Tattoos,3
Glitter Tattoos,3
Glitter Tattoos,3
Glitter Tattoos,3
Glitter Tattoos,3
Glitter Tattoos,3
Glitter Tattoos,3
Glitter Tattoos,3
Glitter Tattoos,3
Glitter Tattoos,3
Glitter Tattoos,3
Glitter Tattoos,3
Glitter Tattoos,3
Glitter Tattoos,3
Glitter Tattoos,3
Glitter Tattoos,3
Glitter Tattoos,3
Glitter Tattoos,3
Glitter Tattoos,3
Glitter Tattoos,3
Glitter Tattoos,3
Glitter Tattoos,3
Glitter Tattoos,3
Glitter Tattoos,3
Glitter Tattoos,3
Glitter Tattoos,3
Glitter Tattoos,3
Glitter Tattoos,3
Glitter Tattoos,3
Glitter Tattoos,3
Glitter Tattoos,3
Glitter Tattoos,3
Glitter Tattoos,3
Glitter Tattoos,3
Glitter Tattoos,3
Glitter Tattoos,3
Glitter Tattoos,3
Glitter Tattoos,3
Glitter Tattoos,3
Glitter Tattoos,3
Glitter Tattoos,3
Glitter Tattoos,3
Glitter Tattoos,3
Glitter Tattoos,3
Glitter Tattoos,3
Glitter Tattoos,3
Glitter Tattoos,3
Glitter Tattoos,3
Glitter Tattoos,3
Glitter Tattoos,3
Glitter Tattoos,3
Glitter Tattoos,3
Glitter Tattoos,3
Temporary Tattoos,4
