Beginner Sets,1
Beginner Sets,1
Beginner Sets,1
Beginner Sets,1
Bat,2
Bat,2
Bat,2
Bird,3
Bird,3
Bird,3
Bumble Bee,4
Bumble Bee,4
Bumble Bee,4
Bunny,5
Bunny,5
Bunny,5
Butterfly,6
Butterfly,6
Butterfly,6
Cat,7
Cat,7
Cat,7
Christmas,8
Christmas,8
Christmas,8
Devil,9
Devil,9
Devil,9
Dinosaur,10
Dinosaur,10
Dinosaur,10
Dog,11
Dog,11
Dog,11
Dolphin,12
Dolphin,12
Dolphin,12
Dragonfly,12
Dragonfly,12
Dragonfly,12
Dragon,13
Dragon,13
Dragon,13
Easter,14
Easter,14
Easter,14
Fairy,15
Fairy,15
Fairy,15
Fish,16
Fish,16
Fish,16
Flags,17
Flags,17
Flags,17
Flower,18
Flower,18
Flower,18
Frog,19
Frog,19
Frog,19
Ghost,20
Ghost,20
Ghost,20
Giraffe,21
Giraffe,21
Giraffe,21
Hearts,22
Hearts,22
Hearts,22
Horse,23
Horse,23
Horse,23
Horse (Myth),24
Horse (Myth),24
Horse (Myth),24
Ladybug,26
Ladybug,26
Ladybug,26
Lion,27
Lion,27
Lion,27
Lizard,28
Lizard,28
Lizard,28
Masks (Mardi Gras),29
Masks (Mardi Gras),29
Masks (Mardi Gras),29
Mermaid,30
Mermaid,30
Mermaid,30
Monkey,31
Monkey,31
Monkey,31
Numbers,32
Numbers,32
Numbers,32
Panda,33
Panda,33
Panda,33
Penguin,34
Penguin,34
Penguin,34
Pirate,35
Pirate,35
Pirate,35
Pumpkin,36
Pumpkin,36
Pumpkin,36
Rose,37
Rose,37
Rose,37
Scorpion,38
Scorpion,38
Scorpion,38
Sea Creatures,39
Sea Creatures,39
Sea Creatures,39
Shark,40
Shark,40
Shark,40
Skull,41
Skull,41
Skull,41
Snake,42
Snake,42
Snake,42
Spider,43
Spider,43
Spider,43
Sports,44
Sports,44
Sports,44
St Patricks,45
St Patricks,45
St Patricks,45
Stars,46
Stars,46
Stars,46
Symbols,47
Symbols,47
Symbols,47
Tattoo,48
Tattoo,48
Tattoo,48
Tiger,49
Tiger,49
Tiger,49
Turtle,50
Turtle,50
Turtle,50
Valentines,51
Valentines,51
Valentines,51
Vampire,52
Vampire,52
Vampire,52
Witch,53
Witch,53
Witch,53
Zebra,54
Zebra,54
Zebra,54
